{"stats":{"minecraft:custom":{"minecraft:time_since_rest":16022,"minecraft:crouch_one_cm":204,"minecraft:play_time":16022,"minecraft:sprint_one_cm":11586,"minecraft:damage_taken":20,"minecraft:walk_one_cm":14238,"minecraft:sneak_time":569,"minecraft:walk_under_water_one_cm":80,"minecraft:jump":284,"minecraft:leave_game":1,"minecraft:time_since_death":16022,"minecraft:walk_on_water_one_cm":1191,"minecraft:total_world_time":16022,"minecraft:climb_one_cm":2005,"minecraft:fly_one_cm":83859,"minecraft:fall_one_cm":1436},"minecraft:picked_up":{"minecraft:wheat_seeds":1,"minecraft:bamboo":255,"minecraft:dirt":2},"minecraft:used":{"minecraft:bamboo":274,"minecraft:dirt":1},"minecraft:mined":{"minecraft:grass":1,"minecraft:grass_block":1,"minecraft:vine":1,"minecraft:dirt":1,"minecraft:fern":1}},"DataVersion":2975}